[
    {
      "text": "Notification 1 - .mvmn gvcfgvybuhnixrdcftvgybhnjxrctvybunizwxecrvtybuie45rd6t7gyhuj",
      "pdf": "sample1.pdf"
    },
    {
      "text": "Notification 2 - edkllvfdsedrftgyhujexdrctfgyhxerctvybuerxctvygbhunefywweyhfcsjnfc",
      "pdf": "sample2.pdf"
    },
    {
      "text": "Notification 3 - fdvnkhilrej.sd.cbhvbxnhxbdcft sxdcfvghzsexrdtfydfcgvhsbb hdndsbber",
      "pdf": "sample3.pdf"
    },
    {
      "text": "Notification 4 - Djj, bv nm,rnv.srdtfgyuhjiokaesxrdtfgyhujiesrdtfgyhuwaesdrtfghyuwesdrtf",
      "pdf": "sample4.pdf"
    },
    {
      "text": "Notification 5 - Example notification for testing JSON integration with the NotificationBar.",
      "pdf": "sample5.pdf"
    },
    {
      "text": "Notification 6 - JSON-based notification to test handling of larger datasets in NotificationBar.",
      "pdf": "sample6.pdf"
    }
  ]
  